ForecastDate,Version,Filename,IndexModifiedAt,URL
2026-07-14,66,PUB_Adequacy3_20260714_v66.xml,2026-07-13 04:22:00,https://reports-public.ieso.ca/public/Adequacy3/PUB_Adequacy3_20260714_v66.xml
2026-07-14,67,PUB_Adequacy3_20260714_v67.xml,2026-07-13 07:51:00,https://reports-public.ieso.ca/public/Adequacy3/PUB_Adequacy3_20260714_v67.xml
2026-07-14,68,PUB_Adequacy3_20260714_v68.xml,2026-07-13 12:51:00,https://reports-public.ieso.ca/public/Adequacy3/PUB_Adequacy3_20260714_v68.xml
2026-07-14,69,PUB_Adequacy3_20260714_v69.xml,2026-07-13 20:22:00,https://reports-public.ieso.ca/public/Adequacy3/PUB_Adequacy3_20260714_v69.xml
2026-07-14,70,PUB_Adequacy3_20260714_v70.xml,2026-07-13 21:22:00,https://reports-public.ieso.ca/public/Adequacy3/PUB_Adequacy3_20260714_v70.xml
2026-07-14,71,PUB_Adequacy3_20260714_v71.xml,2026-07-13 22:22:00,https://reports-public.ieso.ca/public/Adequacy3/PUB_Adequacy3_20260714_v71.xml
2026-07-14,72,PUB_Adequacy3_20260714_v72.xml,2026-07-13 23:22:00,https://reports-public.ieso.ca/public/Adequacy3/PUB_Adequacy3_20260714_v72.xml
2026-07-15,64,PUB_Adequacy3_20260715_v64.xml,2026-07-13 09:00:00,https://reports-public.ieso.ca/public/Adequacy3/PUB_Adequacy3_20260715_v64.xml
2026-07-15,65,PUB_Adequacy3_20260715_v65.xml,2026-07-13 15:30:00,https://reports-public.ieso.ca/public/Adequacy3/PUB_Adequacy3_20260715_v65.xml
2026-07-15,66,PUB_Adequacy3_20260715_v66.xml,2026-07-14 04:22:00,https://reports-public.ieso.ca/public/Adequacy3/PUB_Adequacy3_20260715_v66.xml
2026-07-15,67,PUB_Adequacy3_20260715_v67.xml,2026-07-14 07:51:00,https://reports-public.ieso.ca/public/Adequacy3/PUB_Adequacy3_20260715_v67.xml
2026-07-15,68,PUB_Adequacy3_20260715_v68.xml,2026-07-14 12:51:00,https://reports-public.ieso.ca/public/Adequacy3/PUB_Adequacy3_20260715_v68.xml
2026-07-15,69,PUB_Adequacy3_20260715_v69.xml,2026-07-15 02:20:00,https://reports-public.ieso.ca/public/Adequacy3/PUB_Adequacy3_20260715_v69.xml
2026-07-16,62,PUB_Adequacy3_20260716_v62.xml,2026-07-13 09:01:00,https://reports-public.ieso.ca/public/Adequacy3/PUB_Adequacy3_20260716_v62.xml
2026-07-16,63,PUB_Adequacy3_20260716_v63.xml,2026-07-13 15:31:00,https://reports-public.ieso.ca/public/Adequacy3/PUB_Adequacy3_20260716_v63.xml
2026-07-16,64,PUB_Adequacy3_20260716_v64.xml,2026-07-14 09:00:00,https://reports-public.ieso.ca/public/Adequacy3/PUB_Adequacy3_20260716_v64.xml
2026-07-16,65,PUB_Adequacy3_20260716_v65.xml,2026-07-14 15:28:00,https://reports-public.ieso.ca/public/Adequacy3/PUB_Adequacy3_20260716_v65.xml
2026-07-16,66,PUB_Adequacy3_20260716_v66.xml,2026-07-15 04:21:00,https://reports-public.ieso.ca/public/Adequacy3/PUB_Adequacy3_20260716_v66.xml
2026-07-16,67,PUB_Adequacy3_20260716_v67.xml,2026-07-15 07:51:00,https://reports-public.ieso.ca/public/Adequacy3/PUB_Adequacy3_20260716_v67.xml
2026-07-16,68,PUB_Adequacy3_20260716_v68.xml,2026-07-15 12:53:00,https://reports-public.ieso.ca/public/Adequacy3/PUB_Adequacy3_20260716_v68.xml
2026-07-16,69,PUB_Adequacy3_20260716_v69.xml,2026-07-15 20:22:00,https://reports-public.ieso.ca/public/Adequacy3/PUB_Adequacy3_20260716_v69.xml
2026-07-16,70,PUB_Adequacy3_20260716_v70.xml,2026-07-15 21:21:00,https://reports-public.ieso.ca/public/Adequacy3/PUB_Adequacy3_20260716_v70.xml
2026-07-16,71,PUB_Adequacy3_20260716_v71.xml,2026-07-15 22:21:00,https://reports-public.ieso.ca/public/Adequacy3/PUB_Adequacy3_20260716_v71.xml
2026-07-16,72,PUB_Adequacy3_20260716_v72.xml,2026-07-15 23:21:00,https://reports-public.ieso.ca/public/Adequacy3/PUB_Adequacy3_20260716_v72.xml
2026-07-17,62,PUB_Adequacy3_20260717_v62.xml,2026-07-14 09:01:00,https://reports-public.ieso.ca/public/Adequacy3/PUB_Adequacy3_20260717_v62.xml
2026-07-17,63,PUB_Adequacy3_20260717_v63.xml,2026-07-14 15:29:00,https://reports-public.ieso.ca/public/Adequacy3/PUB_Adequacy3_20260717_v63.xml
2026-07-17,64,PUB_Adequacy3_20260717_v64.xml,2026-07-15 09:00:00,https://reports-public.ieso.ca/public/Adequacy3/PUB_Adequacy3_20260717_v64.xml
2026-07-17,65,PUB_Adequacy3_20260717_v65.xml,2026-07-15 15:29:00,https://reports-public.ieso.ca/public/Adequacy3/PUB_Adequacy3_20260717_v65.xml
2026-07-17,66,PUB_Adequacy3_20260717_v66.xml,2026-07-16 04:22:00,https://reports-public.ieso.ca/public/Adequacy3/PUB_Adequacy3_20260717_v66.xml
2026-07-17,67,PUB_Adequacy3_20260717_v67.xml,2026-07-16 07:51:00,https://reports-public.ieso.ca/public/Adequacy3/PUB_Adequacy3_20260717_v67.xml
2026-07-17,68,PUB_Adequacy3_20260717_v68.xml,2026-07-16 12:51:00,https://reports-public.ieso.ca/public/Adequacy3/PUB_Adequacy3_20260717_v68.xml
2026-07-17,69,PUB_Adequacy3_20260717_v69.xml,2026-07-16 20:21:00,https://reports-public.ieso.ca/public/Adequacy3/PUB_Adequacy3_20260717_v69.xml
2026-07-17,70,PUB_Adequacy3_20260717_v70.xml,2026-07-16 21:22:00,https://reports-public.ieso.ca/public/Adequacy3/PUB_Adequacy3_20260717_v70.xml
2026-07-17,71,PUB_Adequacy3_20260717_v71.xml,2026-07-16 22:22:00,https://reports-public.ieso.ca/public/Adequacy3/PUB_Adequacy3_20260717_v71.xml
2026-07-17,72,PUB_Adequacy3_20260717_v72.xml,2026-07-16 23:21:00,https://reports-public.ieso.ca/public/Adequacy3/PUB_Adequacy3_20260717_v72.xml
2026-07-18,62,PUB_Adequacy3_20260718_v62.xml,2026-07-15 09:01:00,https://reports-public.ieso.ca/public/Adequacy3/PUB_Adequacy3_20260718_v62.xml
2026-07-18,63,PUB_Adequacy3_20260718_v63.xml,2026-07-15 15:30:00,https://reports-public.ieso.ca/public/Adequacy3/PUB_Adequacy3_20260718_v63.xml
2026-07-18,64,PUB_Adequacy3_20260718_v64.xml,2026-07-16 09:16:00,https://reports-public.ieso.ca/public/Adequacy3/PUB_Adequacy3_20260718_v64.xml
2026-07-18,65,PUB_Adequacy3_20260718_v65.xml,2026-07-16 15:29:00,https://reports-public.ieso.ca/public/Adequacy3/PUB_Adequacy3_20260718_v65.xml
2026-07-18,66,PUB_Adequacy3_20260718_v66.xml,2026-07-17 04:21:00,https://reports-public.ieso.ca/public/Adequacy3/PUB_Adequacy3_20260718_v66.xml
2026-07-18,67,PUB_Adequacy3_20260718_v67.xml,2026-07-17 07:51:00,https://reports-public.ieso.ca/public/Adequacy3/PUB_Adequacy3_20260718_v67.xml
2026-07-18,68,PUB_Adequacy3_20260718_v68.xml,2026-07-17 12:51:00,https://reports-public.ieso.ca/public/Adequacy3/PUB_Adequacy3_20260718_v68.xml
2026-07-18,69,PUB_Adequacy3_20260718_v69.xml,2026-07-17 20:21:00,https://reports-public.ieso.ca/public/Adequacy3/PUB_Adequacy3_20260718_v69.xml
2026-07-18,70,PUB_Adequacy3_20260718_v70.xml,2026-07-17 21:21:00,https://reports-public.ieso.ca/public/Adequacy3/PUB_Adequacy3_20260718_v70.xml
2026-07-18,71,PUB_Adequacy3_20260718_v71.xml,2026-07-17 22:21:00,https://reports-public.ieso.ca/public/Adequacy3/PUB_Adequacy3_20260718_v71.xml
2026-07-18,72,PUB_Adequacy3_20260718_v72.xml,2026-07-17 23:21:00,https://reports-public.ieso.ca/public/Adequacy3/PUB_Adequacy3_20260718_v72.xml
2026-07-19,62,PUB_Adequacy3_20260719_v62.xml,2026-07-16 09:17:00,https://reports-public.ieso.ca/public/Adequacy3/PUB_Adequacy3_20260719_v62.xml
2026-07-19,63,PUB_Adequacy3_20260719_v63.xml,2026-07-16 15:30:00,https://reports-public.ieso.ca/public/Adequacy3/PUB_Adequacy3_20260719_v63.xml
2026-07-19,64,PUB_Adequacy3_20260719_v64.xml,2026-07-17 08:59:00,https://reports-public.ieso.ca/public/Adequacy3/PUB_Adequacy3_20260719_v64.xml
2026-07-19,65,PUB_Adequacy3_20260719_v65.xml,2026-07-17 15:29:00,https://reports-public.ieso.ca/public/Adequacy3/PUB_Adequacy3_20260719_v65.xml
2026-07-19,66,PUB_Adequacy3_20260719_v66.xml,2026-07-18 04:21:00,https://reports-public.ieso.ca/public/Adequacy3/PUB_Adequacy3_20260719_v66.xml
2026-07-19,67,PUB_Adequacy3_20260719_v67.xml,2026-07-18 07:50:00,https://reports-public.ieso.ca/public/Adequacy3/PUB_Adequacy3_20260719_v67.xml
2026-07-19,68,PUB_Adequacy3_20260719_v68.xml,2026-07-18 12:51:00,https://reports-public.ieso.ca/public/Adequacy3/PUB_Adequacy3_20260719_v68.xml
2026-07-19,69,PUB_Adequacy3_20260719_v69.xml,2026-07-18 20:21:00,https://reports-public.ieso.ca/public/Adequacy3/PUB_Adequacy3_20260719_v69.xml
2026-07-19,70,PUB_Adequacy3_20260719_v70.xml,2026-07-18 21:21:00,https://reports-public.ieso.ca/public/Adequacy3/PUB_Adequacy3_20260719_v70.xml
2026-07-19,71,PUB_Adequacy3_20260719_v71.xml,2026-07-18 22:21:00,https://reports-public.ieso.ca/public/Adequacy3/PUB_Adequacy3_20260719_v71.xml
2026-07-19,72,PUB_Adequacy3_20260719_v72.xml,2026-07-18 23:21:00,https://reports-public.ieso.ca/public/Adequacy3/PUB_Adequacy3_20260719_v72.xml
2026-07-20,62,PUB_Adequacy3_20260720_v62.xml,2026-07-17 09:00:00,https://reports-public.ieso.ca/public/Adequacy3/PUB_Adequacy3_20260720_v62.xml
2026-07-20,63,PUB_Adequacy3_20260720_v63.xml,2026-07-17 15:30:00,https://reports-public.ieso.ca/public/Adequacy3/PUB_Adequacy3_20260720_v63.xml
2026-07-20,64,PUB_Adequacy3_20260720_v64.xml,2026-07-18 08:59:00,https://reports-public.ieso.ca/public/Adequacy3/PUB_Adequacy3_20260720_v64.xml
2026-07-20,65,PUB_Adequacy3_20260720_v65.xml,2026-07-18 15:29:00,https://reports-public.ieso.ca/public/Adequacy3/PUB_Adequacy3_20260720_v65.xml
2026-07-20,66,PUB_Adequacy3_20260720_v66.xml,2026-07-19 04:21:00,https://reports-public.ieso.ca/public/Adequacy3/PUB_Adequacy3_20260720_v66.xml
2026-07-20,67,PUB_Adequacy3_20260720_v67.xml,2026-07-19 07:50:00,https://reports-public.ieso.ca/public/Adequacy3/PUB_Adequacy3_20260720_v67.xml
2026-07-20,68,PUB_Adequacy3_20260720_v68.xml,2026-07-19 12:51:00,https://reports-public.ieso.ca/public/Adequacy3/PUB_Adequacy3_20260720_v68.xml
2026-07-20,69,PUB_Adequacy3_20260720_v69.xml,2026-07-19 20:21:00,https://reports-public.ieso.ca/public/Adequacy3/PUB_Adequacy3_20260720_v69.xml
2026-07-20,70,PUB_Adequacy3_20260720_v70.xml,2026-07-19 21:21:00,https://reports-public.ieso.ca/public/Adequacy3/PUB_Adequacy3_20260720_v70.xml
2026-07-20,71,PUB_Adequacy3_20260720_v71.xml,2026-07-19 22:21:00,https://reports-public.ieso.ca/public/Adequacy3/PUB_Adequacy3_20260720_v71.xml
2026-07-20,72,PUB_Adequacy3_20260720_v72.xml,2026-07-19 23:21:00,https://reports-public.ieso.ca/public/Adequacy3/PUB_Adequacy3_20260720_v72.xml
2026-07-21,62,PUB_Adequacy3_20260721_v62.xml,2026-07-18 08:59:00,https://reports-public.ieso.ca/public/Adequacy3/PUB_Adequacy3_20260721_v62.xml
2026-07-21,63,PUB_Adequacy3_20260721_v63.xml,2026-07-18 15:30:00,https://reports-public.ieso.ca/public/Adequacy3/PUB_Adequacy3_20260721_v63.xml
2026-07-21,64,PUB_Adequacy3_20260721_v64.xml,2026-07-19 08:59:00,https://reports-public.ieso.ca/public/Adequacy3/PUB_Adequacy3_20260721_v64.xml
2026-07-21,65,PUB_Adequacy3_20260721_v65.xml,2026-07-19 15:29:00,https://reports-public.ieso.ca/public/Adequacy3/PUB_Adequacy3_20260721_v65.xml
2026-07-21,66,PUB_Adequacy3_20260721_v66.xml,2026-07-20 04:21:00,https://reports-public.ieso.ca/public/Adequacy3/PUB_Adequacy3_20260721_v66.xml
2026-07-21,67,PUB_Adequacy3_20260721_v67.xml,2026-07-20 07:51:00,https://reports-public.ieso.ca/public/Adequacy3/PUB_Adequacy3_20260721_v67.xml
2026-07-21,68,PUB_Adequacy3_20260721_v68.xml,2026-07-20 12:51:00,https://reports-public.ieso.ca/public/Adequacy3/PUB_Adequacy3_20260721_v68.xml
2026-07-21,69,PUB_Adequacy3_20260721_v69.xml,2026-07-20 20:23:00,https://reports-public.ieso.ca/public/Adequacy3/PUB_Adequacy3_20260721_v69.xml
2026-07-21,70,PUB_Adequacy3_20260721_v70.xml,2026-07-20 21:22:00,https://reports-public.ieso.ca/public/Adequacy3/PUB_Adequacy3_20260721_v70.xml
2026-07-21,71,PUB_Adequacy3_20260721_v71.xml,2026-07-20 22:22:00,https://reports-public.ieso.ca/public/Adequacy3/PUB_Adequacy3_20260721_v71.xml
2026-07-21,72,PUB_Adequacy3_20260721_v72.xml,2026-07-20 23:21:00,https://reports-public.ieso.ca/public/Adequacy3/PUB_Adequacy3_20260721_v72.xml
2026-07-22,62,PUB_Adequacy3_20260722_v62.xml,2026-07-19 08:59:00,https://reports-public.ieso.ca/public/Adequacy3/PUB_Adequacy3_20260722_v62.xml
2026-07-22,63,PUB_Adequacy3_20260722_v63.xml,2026-07-19 15:29:00,https://reports-public.ieso.ca/public/Adequacy3/PUB_Adequacy3_20260722_v63.xml
2026-07-22,64,PUB_Adequacy3_20260722_v64.xml,2026-07-20 08:59:00,https://reports-public.ieso.ca/public/Adequacy3/PUB_Adequacy3_20260722_v64.xml
2026-07-22,65,PUB_Adequacy3_20260722_v65.xml,2026-07-20 15:29:00,https://reports-public.ieso.ca/public/Adequacy3/PUB_Adequacy3_20260722_v65.xml
2026-07-22,66,PUB_Adequacy3_20260722_v66.xml,2026-07-21 04:21:00,https://reports-public.ieso.ca/public/Adequacy3/PUB_Adequacy3_20260722_v66.xml
2026-07-22,67,PUB_Adequacy3_20260722_v67.xml,2026-07-21 07:51:00,https://reports-public.ieso.ca/public/Adequacy3/PUB_Adequacy3_20260722_v67.xml
2026-07-22,68,PUB_Adequacy3_20260722_v68.xml,2026-07-21 12:51:00,https://reports-public.ieso.ca/public/Adequacy3/PUB_Adequacy3_20260722_v68.xml
2026-07-22,69,PUB_Adequacy3_20260722_v69.xml,2026-07-21 20:21:00,https://reports-public.ieso.ca/public/Adequacy3/PUB_Adequacy3_20260722_v69.xml
2026-07-22,70,PUB_Adequacy3_20260722_v70.xml,2026-07-21 21:21:00,https://reports-public.ieso.ca/public/Adequacy3/PUB_Adequacy3_20260722_v70.xml
2026-07-22,71,PUB_Adequacy3_20260722_v71.xml,2026-07-21 22:21:00,https://reports-public.ieso.ca/public/Adequacy3/PUB_Adequacy3_20260722_v71.xml
2026-07-22,72,PUB_Adequacy3_20260722_v72.xml,2026-07-21 23:21:00,https://reports-public.ieso.ca/public/Adequacy3/PUB_Adequacy3_20260722_v72.xml
2026-07-23,62,PUB_Adequacy3_20260723_v62.xml,2026-07-20 08:59:00,https://reports-public.ieso.ca/public/Adequacy3/PUB_Adequacy3_20260723_v62.xml
2026-07-23,63,PUB_Adequacy3_20260723_v63.xml,2026-07-20 15:30:00,https://reports-public.ieso.ca/public/Adequacy3/PUB_Adequacy3_20260723_v63.xml
2026-07-23,64,PUB_Adequacy3_20260723_v64.xml,2026-07-21 08:59:00,https://reports-public.ieso.ca/public/Adequacy3/PUB_Adequacy3_20260723_v64.xml
2026-07-23,65,PUB_Adequacy3_20260723_v65.xml,2026-07-21 15:29:00,https://reports-public.ieso.ca/public/Adequacy3/PUB_Adequacy3_20260723_v65.xml
2026-07-23,66,PUB_Adequacy3_20260723_v66.xml,2026-07-22 04:21:00,https://reports-public.ieso.ca/public/Adequacy3/PUB_Adequacy3_20260723_v66.xml
2026-07-23,67,PUB_Adequacy3_20260723_v67.xml,2026-07-22 07:51:00,https://reports-public.ieso.ca/public/Adequacy3/PUB_Adequacy3_20260723_v67.xml
2026-07-23,68,PUB_Adequacy3_20260723_v68.xml,2026-07-22 12:51:00,https://reports-public.ieso.ca/public/Adequacy3/PUB_Adequacy3_20260723_v68.xml
2026-07-23,69,PUB_Adequacy3_20260723_v69.xml,2026-07-22 20:22:00,https://reports-public.ieso.ca/public/Adequacy3/PUB_Adequacy3_20260723_v69.xml
2026-07-23,70,PUB_Adequacy3_20260723_v70.xml,2026-07-22 21:21:00,https://reports-public.ieso.ca/public/Adequacy3/PUB_Adequacy3_20260723_v70.xml
2026-07-23,71,PUB_Adequacy3_20260723_v71.xml,2026-07-22 22:21:00,https://reports-public.ieso.ca/public/Adequacy3/PUB_Adequacy3_20260723_v71.xml
2026-07-23,72,PUB_Adequacy3_20260723_v72.xml,2026-07-22 23:21:00,https://reports-public.ieso.ca/public/Adequacy3/PUB_Adequacy3_20260723_v72.xml
2026-07-24,62,PUB_Adequacy3_20260724_v62.xml,2026-07-21 08:59:00,https://reports-public.ieso.ca/public/Adequacy3/PUB_Adequacy3_20260724_v62.xml
2026-07-24,63,PUB_Adequacy3_20260724_v63.xml,2026-07-21 15:30:00,https://reports-public.ieso.ca/public/Adequacy3/PUB_Adequacy3_20260724_v63.xml
2026-07-24,64,PUB_Adequacy3_20260724_v64.xml,2026-07-22 08:58:00,https://reports-public.ieso.ca/public/Adequacy3/PUB_Adequacy3_20260724_v64.xml
2026-07-24,65,PUB_Adequacy3_20260724_v65.xml,2026-07-22 15:29:00,https://reports-public.ieso.ca/public/Adequacy3/PUB_Adequacy3_20260724_v65.xml
2026-07-24,66,PUB_Adequacy3_20260724_v66.xml,2026-07-23 04:21:00,https://reports-public.ieso.ca/public/Adequacy3/PUB_Adequacy3_20260724_v66.xml
2026-07-24,67,PUB_Adequacy3_20260724_v67.xml,2026-07-23 07:51:00,https://reports-public.ieso.ca/public/Adequacy3/PUB_Adequacy3_20260724_v67.xml
2026-07-24,68,PUB_Adequacy3_20260724_v68.xml,2026-07-23 12:51:00,https://reports-public.ieso.ca/public/Adequacy3/PUB_Adequacy3_20260724_v68.xml
2026-07-24,69,PUB_Adequacy3_20260724_v69.xml,2026-07-23 20:21:00,https://reports-public.ieso.ca/public/Adequacy3/PUB_Adequacy3_20260724_v69.xml
2026-07-24,70,PUB_Adequacy3_20260724_v70.xml,2026-07-23 21:21:00,https://reports-public.ieso.ca/public/Adequacy3/PUB_Adequacy3_20260724_v70.xml
2026-07-24,71,PUB_Adequacy3_20260724_v71.xml,2026-07-23 22:21:00,https://reports-public.ieso.ca/public/Adequacy3/PUB_Adequacy3_20260724_v71.xml
2026-07-24,72,PUB_Adequacy3_20260724_v72.xml,2026-07-23 23:22:00,https://reports-public.ieso.ca/public/Adequacy3/PUB_Adequacy3_20260724_v72.xml
2026-07-25,62,PUB_Adequacy3_20260725_v62.xml,2026-07-22 08:59:00,https://reports-public.ieso.ca/public/Adequacy3/PUB_Adequacy3_20260725_v62.xml
2026-07-25,63,PUB_Adequacy3_20260725_v63.xml,2026-07-22 15:30:00,https://reports-public.ieso.ca/public/Adequacy3/PUB_Adequacy3_20260725_v63.xml
2026-07-25,64,PUB_Adequacy3_20260725_v64.xml,2026-07-23 08:59:00,https://reports-public.ieso.ca/public/Adequacy3/PUB_Adequacy3_20260725_v64.xml
2026-07-25,65,PUB_Adequacy3_20260725_v65.xml,2026-07-23 15:31:00,https://reports-public.ieso.ca/public/Adequacy3/PUB_Adequacy3_20260725_v65.xml
2026-07-25,66,PUB_Adequacy3_20260725_v66.xml,2026-07-24 04:21:00,https://reports-public.ieso.ca/public/Adequacy3/PUB_Adequacy3_20260725_v66.xml
2026-07-25,67,PUB_Adequacy3_20260725_v67.xml,2026-07-24 07:50:00,https://reports-public.ieso.ca/public/Adequacy3/PUB_Adequacy3_20260725_v67.xml
2026-07-25,68,PUB_Adequacy3_20260725_v68.xml,2026-07-24 12:51:00,https://reports-public.ieso.ca/public/Adequacy3/PUB_Adequacy3_20260725_v68.xml
2026-07-25,69,PUB_Adequacy3_20260725_v69.xml,2026-07-24 20:22:00,https://reports-public.ieso.ca/public/Adequacy3/PUB_Adequacy3_20260725_v69.xml
2026-07-25,70,PUB_Adequacy3_20260725_v70.xml,2026-07-24 21:21:00,https://reports-public.ieso.ca/public/Adequacy3/PUB_Adequacy3_20260725_v70.xml
2026-07-25,71,PUB_Adequacy3_20260725_v71.xml,2026-07-24 22:21:00,https://reports-public.ieso.ca/public/Adequacy3/PUB_Adequacy3_20260725_v71.xml
2026-07-25,72,PUB_Adequacy3_20260725_v72.xml,2026-07-24 23:21:00,https://reports-public.ieso.ca/public/Adequacy3/PUB_Adequacy3_20260725_v72.xml
2026-07-26,62,PUB_Adequacy3_20260726_v62.xml,2026-07-23 09:00:00,https://reports-public.ieso.ca/public/Adequacy3/PUB_Adequacy3_20260726_v62.xml
2026-07-26,63,PUB_Adequacy3_20260726_v63.xml,2026-07-23 15:31:00,https://reports-public.ieso.ca/public/Adequacy3/PUB_Adequacy3_20260726_v63.xml
2026-07-26,64,PUB_Adequacy3_20260726_v64.xml,2026-07-24 08:58:00,https://reports-public.ieso.ca/public/Adequacy3/PUB_Adequacy3_20260726_v64.xml
2026-07-26,65,PUB_Adequacy3_20260726_v65.xml,2026-07-24 15:29:00,https://reports-public.ieso.ca/public/Adequacy3/PUB_Adequacy3_20260726_v65.xml
2026-07-26,66,PUB_Adequacy3_20260726_v66.xml,2026-07-25 04:21:00,https://reports-public.ieso.ca/public/Adequacy3/PUB_Adequacy3_20260726_v66.xml
2026-07-26,67,PUB_Adequacy3_20260726_v67.xml,2026-07-25 07:50:00,https://reports-public.ieso.ca/public/Adequacy3/PUB_Adequacy3_20260726_v67.xml
2026-07-26,68,PUB_Adequacy3_20260726_v68.xml,2026-07-25 12:51:00,https://reports-public.ieso.ca/public/Adequacy3/PUB_Adequacy3_20260726_v68.xml
2026-07-26,69,PUB_Adequacy3_20260726_v69.xml,2026-07-25 20:21:00,https://reports-public.ieso.ca/public/Adequacy3/PUB_Adequacy3_20260726_v69.xml
2026-07-26,70,PUB_Adequacy3_20260726_v70.xml,2026-07-25 21:21:00,https://reports-public.ieso.ca/public/Adequacy3/PUB_Adequacy3_20260726_v70.xml
2026-07-26,71,PUB_Adequacy3_20260726_v71.xml,2026-07-25 22:21:00,https://reports-public.ieso.ca/public/Adequacy3/PUB_Adequacy3_20260726_v71.xml
2026-07-26,72,PUB_Adequacy3_20260726_v72.xml,2026-07-25 23:21:00,https://reports-public.ieso.ca/public/Adequacy3/PUB_Adequacy3_20260726_v72.xml
2026-07-27,62,PUB_Adequacy3_20260727_v62.xml,2026-07-24 08:59:00,https://reports-public.ieso.ca/public/Adequacy3/PUB_Adequacy3_20260727_v62.xml
2026-07-27,63,PUB_Adequacy3_20260727_v63.xml,2026-07-24 15:30:00,https://reports-public.ieso.ca/public/Adequacy3/PUB_Adequacy3_20260727_v63.xml
2026-07-27,64,PUB_Adequacy3_20260727_v64.xml,2026-07-25 08:59:00,https://reports-public.ieso.ca/public/Adequacy3/PUB_Adequacy3_20260727_v64.xml
2026-07-27,65,PUB_Adequacy3_20260727_v65.xml,2026-07-25 15:29:00,https://reports-public.ieso.ca/public/Adequacy3/PUB_Adequacy3_20260727_v65.xml
2026-07-27,66,PUB_Adequacy3_20260727_v66.xml,2026-07-26 04:21:00,https://reports-public.ieso.ca/public/Adequacy3/PUB_Adequacy3_20260727_v66.xml
2026-07-27,67,PUB_Adequacy3_20260727_v67.xml,2026-07-26 07:50:00,https://reports-public.ieso.ca/public/Adequacy3/PUB_Adequacy3_20260727_v67.xml
2026-07-27,68,PUB_Adequacy3_20260727_v68.xml,2026-07-26 12:51:00,https://reports-public.ieso.ca/public/Adequacy3/PUB_Adequacy3_20260727_v68.xml
2026-07-27,69,PUB_Adequacy3_20260727_v69.xml,2026-07-26 20:22:00,https://reports-public.ieso.ca/public/Adequacy3/PUB_Adequacy3_20260727_v69.xml
2026-07-27,70,PUB_Adequacy3_20260727_v70.xml,2026-07-26 22:21:00,https://reports-public.ieso.ca/public/Adequacy3/PUB_Adequacy3_20260727_v70.xml
2026-07-27,71,PUB_Adequacy3_20260727_v71.xml,2026-07-26 23:21:00,https://reports-public.ieso.ca/public/Adequacy3/PUB_Adequacy3_20260727_v71.xml
2026-07-28,62,PUB_Adequacy3_20260728_v62.xml,2026-07-25 09:00:00,https://reports-public.ieso.ca/public/Adequacy3/PUB_Adequacy3_20260728_v62.xml
2026-07-28,63,PUB_Adequacy3_20260728_v63.xml,2026-07-25 15:30:00,https://reports-public.ieso.ca/public/Adequacy3/PUB_Adequacy3_20260728_v63.xml
2026-07-28,64,PUB_Adequacy3_20260728_v64.xml,2026-07-26 08:58:00,https://reports-public.ieso.ca/public/Adequacy3/PUB_Adequacy3_20260728_v64.xml
2026-07-28,65,PUB_Adequacy3_20260728_v65.xml,2026-07-26 15:29:00,https://reports-public.ieso.ca/public/Adequacy3/PUB_Adequacy3_20260728_v65.xml
2026-07-28,66,PUB_Adequacy3_20260728_v66.xml,2026-07-27 04:21:00,https://reports-public.ieso.ca/public/Adequacy3/PUB_Adequacy3_20260728_v66.xml
2026-07-28,67,PUB_Adequacy3_20260728_v67.xml,2026-07-27 07:51:00,https://reports-public.ieso.ca/public/Adequacy3/PUB_Adequacy3_20260728_v67.xml
2026-07-28,68,PUB_Adequacy3_20260728_v68.xml,2026-07-27 12:51:00,https://reports-public.ieso.ca/public/Adequacy3/PUB_Adequacy3_20260728_v68.xml
2026-07-28,69,PUB_Adequacy3_20260728_v69.xml,2026-07-27 20:21:00,https://reports-public.ieso.ca/public/Adequacy3/PUB_Adequacy3_20260728_v69.xml
2026-07-28,70,PUB_Adequacy3_20260728_v70.xml,2026-07-27 21:21:00,https://reports-public.ieso.ca/public/Adequacy3/PUB_Adequacy3_20260728_v70.xml
2026-07-28,71,PUB_Adequacy3_20260728_v71.xml,2026-07-27 22:23:00,https://reports-public.ieso.ca/public/Adequacy3/PUB_Adequacy3_20260728_v71.xml
2026-07-28,72,PUB_Adequacy3_20260728_v72.xml,2026-07-27 23:21:00,https://reports-public.ieso.ca/public/Adequacy3/PUB_Adequacy3_20260728_v72.xml
2026-07-29,62,PUB_Adequacy3_20260729_v62.xml,2026-07-26 08:59:00,https://reports-public.ieso.ca/public/Adequacy3/PUB_Adequacy3_20260729_v62.xml
2026-07-29,63,PUB_Adequacy3_20260729_v63.xml,2026-07-26 15:30:00,https://reports-public.ieso.ca/public/Adequacy3/PUB_Adequacy3_20260729_v63.xml
2026-07-29,64,PUB_Adequacy3_20260729_v64.xml,2026-07-27 08:59:00,https://reports-public.ieso.ca/public/Adequacy3/PUB_Adequacy3_20260729_v64.xml
2026-07-29,65,PUB_Adequacy3_20260729_v65.xml,2026-07-27 15:32:00,https://reports-public.ieso.ca/public/Adequacy3/PUB_Adequacy3_20260729_v65.xml
2026-07-29,66,PUB_Adequacy3_20260729_v66.xml,2026-07-28 04:21:00,https://reports-public.ieso.ca/public/Adequacy3/PUB_Adequacy3_20260729_v66.xml
2026-07-29,67,PUB_Adequacy3_20260729_v67.xml,2026-07-28 07:51:00,https://reports-public.ieso.ca/public/Adequacy3/PUB_Adequacy3_20260729_v67.xml
2026-07-29,68,PUB_Adequacy3_20260729_v68.xml,2026-07-28 12:52:00,https://reports-public.ieso.ca/public/Adequacy3/PUB_Adequacy3_20260729_v68.xml
2026-07-29,69,PUB_Adequacy3_20260729_v69.xml,2026-07-28 20:23:00,https://reports-public.ieso.ca/public/Adequacy3/PUB_Adequacy3_20260729_v69.xml
2026-07-29,70,PUB_Adequacy3_20260729_v70.xml,2026-07-28 21:23:00,https://reports-public.ieso.ca/public/Adequacy3/PUB_Adequacy3_20260729_v70.xml
2026-07-29,71,PUB_Adequacy3_20260729_v71.xml,2026-07-28 22:22:00,https://reports-public.ieso.ca/public/Adequacy3/PUB_Adequacy3_20260729_v71.xml
2026-07-29,72,PUB_Adequacy3_20260729_v72.xml,2026-07-28 23:22:00,https://reports-public.ieso.ca/public/Adequacy3/PUB_Adequacy3_20260729_v72.xml
2026-07-30,62,PUB_Adequacy3_20260730_v62.xml,2026-07-27 09:00:00,https://reports-public.ieso.ca/public/Adequacy3/PUB_Adequacy3_20260730_v62.xml
2026-07-30,63,PUB_Adequacy3_20260730_v63.xml,2026-07-27 15:32:00,https://reports-public.ieso.ca/public/Adequacy3/PUB_Adequacy3_20260730_v63.xml
2026-07-30,64,PUB_Adequacy3_20260730_v64.xml,2026-07-28 09:02:00,https://reports-public.ieso.ca/public/Adequacy3/PUB_Adequacy3_20260730_v64.xml
2026-07-30,65,PUB_Adequacy3_20260730_v65.xml,2026-07-28 15:30:00,https://reports-public.ieso.ca/public/Adequacy3/PUB_Adequacy3_20260730_v65.xml
2026-07-30,66,PUB_Adequacy3_20260730_v66.xml,2026-07-29 04:21:00,https://reports-public.ieso.ca/public/Adequacy3/PUB_Adequacy3_20260730_v66.xml
2026-07-30,67,PUB_Adequacy3_20260730_v67.xml,2026-07-29 07:51:00,https://reports-public.ieso.ca/public/Adequacy3/PUB_Adequacy3_20260730_v67.xml
2026-07-30,68,PUB_Adequacy3_20260730_v68.xml,2026-07-29 12:52:00,https://reports-public.ieso.ca/public/Adequacy3/PUB_Adequacy3_20260730_v68.xml
2026-07-30,69,PUB_Adequacy3_20260730_v69.xml,2026-07-29 20:21:00,https://reports-public.ieso.ca/public/Adequacy3/PUB_Adequacy3_20260730_v69.xml
2026-07-30,70,PUB_Adequacy3_20260730_v70.xml,2026-07-29 21:21:00,https://reports-public.ieso.ca/public/Adequacy3/PUB_Adequacy3_20260730_v70.xml
2026-07-30,71,PUB_Adequacy3_20260730_v71.xml,2026-07-29 22:21:00,https://reports-public.ieso.ca/public/Adequacy3/PUB_Adequacy3_20260730_v71.xml
2026-07-30,72,PUB_Adequacy3_20260730_v72.xml,2026-07-29 23:21:00,https://reports-public.ieso.ca/public/Adequacy3/PUB_Adequacy3_20260730_v72.xml
2026-07-31,62,PUB_Adequacy3_20260731_v62.xml,2026-07-28 09:02:00,https://reports-public.ieso.ca/public/Adequacy3/PUB_Adequacy3_20260731_v62.xml
2026-07-31,63,PUB_Adequacy3_20260731_v63.xml,2026-07-28 15:31:00,https://reports-public.ieso.ca/public/Adequacy3/PUB_Adequacy3_20260731_v63.xml
2026-07-31,64,PUB_Adequacy3_20260731_v64.xml,2026-07-29 08:58:00,https://reports-public.ieso.ca/public/Adequacy3/PUB_Adequacy3_20260731_v64.xml
2026-07-31,65,PUB_Adequacy3_20260731_v65.xml,2026-07-29 15:29:00,https://reports-public.ieso.ca/public/Adequacy3/PUB_Adequacy3_20260731_v65.xml
2026-07-31,66,PUB_Adequacy3_20260731_v66.xml,2026-07-30 04:21:00,https://reports-public.ieso.ca/public/Adequacy3/PUB_Adequacy3_20260731_v66.xml
2026-07-31,67,PUB_Adequacy3_20260731_v67.xml,2026-07-30 07:51:00,https://reports-public.ieso.ca/public/Adequacy3/PUB_Adequacy3_20260731_v67.xml
2026-07-31,68,PUB_Adequacy3_20260731_v68.xml,2026-07-30 12:51:00,https://reports-public.ieso.ca/public/Adequacy3/PUB_Adequacy3_20260731_v68.xml
2026-07-31,69,PUB_Adequacy3_20260731_v69.xml,2026-07-30 20:21:00,https://reports-public.ieso.ca/public/Adequacy3/PUB_Adequacy3_20260731_v69.xml
2026-07-31,70,PUB_Adequacy3_20260731_v70.xml,2026-07-30 21:21:00,https://reports-public.ieso.ca/public/Adequacy3/PUB_Adequacy3_20260731_v70.xml
2026-07-31,71,PUB_Adequacy3_20260731_v71.xml,2026-07-30 22:21:00,https://reports-public.ieso.ca/public/Adequacy3/PUB_Adequacy3_20260731_v71.xml
2026-07-31,72,PUB_Adequacy3_20260731_v72.xml,2026-07-30 23:21:00,https://reports-public.ieso.ca/public/Adequacy3/PUB_Adequacy3_20260731_v72.xml
2026-08-01,62,PUB_Adequacy3_20260801_v62.xml,2026-07-29 08:59:00,https://reports-public.ieso.ca/public/Adequacy3/PUB_Adequacy3_20260801_v62.xml
2026-08-01,63,PUB_Adequacy3_20260801_v63.xml,2026-07-29 15:30:00,https://reports-public.ieso.ca/public/Adequacy3/PUB_Adequacy3_20260801_v63.xml
2026-08-01,64,PUB_Adequacy3_20260801_v64.xml,2026-07-30 08:59:00,https://reports-public.ieso.ca/public/Adequacy3/PUB_Adequacy3_20260801_v64.xml
2026-08-01,65,PUB_Adequacy3_20260801_v65.xml,2026-07-30 15:29:00,https://reports-public.ieso.ca/public/Adequacy3/PUB_Adequacy3_20260801_v65.xml
2026-08-01,66,PUB_Adequacy3_20260801_v66.xml,2026-07-31 04:21:00,https://reports-public.ieso.ca/public/Adequacy3/PUB_Adequacy3_20260801_v66.xml
2026-08-01,67,PUB_Adequacy3_20260801_v67.xml,2026-07-31 07:51:00,https://reports-public.ieso.ca/public/Adequacy3/PUB_Adequacy3_20260801_v67.xml
2026-08-01,68,PUB_Adequacy3_20260801_v68.xml,2026-07-31 12:51:00,https://reports-public.ieso.ca/public/Adequacy3/PUB_Adequacy3_20260801_v68.xml
2026-08-01,69,PUB_Adequacy3_20260801_v69.xml,2026-07-31 20:21:00,https://reports-public.ieso.ca/public/Adequacy3/PUB_Adequacy3_20260801_v69.xml
2026-08-01,70,PUB_Adequacy3_20260801_v70.xml,2026-07-31 21:21:00,https://reports-public.ieso.ca/public/Adequacy3/PUB_Adequacy3_20260801_v70.xml
2026-08-01,71,PUB_Adequacy3_20260801_v71.xml,2026-07-31 22:21:00,https://reports-public.ieso.ca/public/Adequacy3/PUB_Adequacy3_20260801_v71.xml
2026-08-01,72,PUB_Adequacy3_20260801_v72.xml,2026-07-31 23:21:00,https://reports-public.ieso.ca/public/Adequacy3/PUB_Adequacy3_20260801_v72.xml
2026-08-02,62,PUB_Adequacy3_20260802_v62.xml,2026-07-30 08:59:00,https://reports-public.ieso.ca/public/Adequacy3/PUB_Adequacy3_20260802_v62.xml
2026-08-02,63,PUB_Adequacy3_20260802_v63.xml,2026-07-30 15:30:00,https://reports-public.ieso.ca/public/Adequacy3/PUB_Adequacy3_20260802_v63.xml
2026-08-02,64,PUB_Adequacy3_20260802_v64.xml,2026-07-31 08:59:00,https://reports-public.ieso.ca/public/Adequacy3/PUB_Adequacy3_20260802_v64.xml
2026-08-02,65,PUB_Adequacy3_20260802_v65.xml,2026-07-31 15:29:00,https://reports-public.ieso.ca/public/Adequacy3/PUB_Adequacy3_20260802_v65.xml
2026-08-02,66,PUB_Adequacy3_20260802_v66.xml,2026-08-01 04:21:00,https://reports-public.ieso.ca/public/Adequacy3/PUB_Adequacy3_20260802_v66.xml
2026-08-02,67,PUB_Adequacy3_20260802_v67.xml,2026-08-01 07:50:00,https://reports-public.ieso.ca/public/Adequacy3/PUB_Adequacy3_20260802_v67.xml
2026-08-02,68,PUB_Adequacy3_20260802_v68.xml,2026-08-01 12:51:00,https://reports-public.ieso.ca/public/Adequacy3/PUB_Adequacy3_20260802_v68.xml
2026-08-02,69,PUB_Adequacy3_20260802_v69.xml,2026-08-01 20:21:00,https://reports-public.ieso.ca/public/Adequacy3/PUB_Adequacy3_20260802_v69.xml
2026-08-02,70,PUB_Adequacy3_20260802_v70.xml,2026-08-01 21:21:00,https://reports-public.ieso.ca/public/Adequacy3/PUB_Adequacy3_20260802_v70.xml
2026-08-02,71,PUB_Adequacy3_20260802_v71.xml,2026-08-01 22:21:00,https://reports-public.ieso.ca/public/Adequacy3/PUB_Adequacy3_20260802_v71.xml
2026-08-02,72,PUB_Adequacy3_20260802_v72.xml,2026-08-01 23:21:00,https://reports-public.ieso.ca/public/Adequacy3/PUB_Adequacy3_20260802_v72.xml
2026-08-03,62,PUB_Adequacy3_20260803_v62.xml,2026-07-31 08:59:00,https://reports-public.ieso.ca/public/Adequacy3/PUB_Adequacy3_20260803_v62.xml
2026-08-03,63,PUB_Adequacy3_20260803_v63.xml,2026-07-31 15:30:00,https://reports-public.ieso.ca/public/Adequacy3/PUB_Adequacy3_20260803_v63.xml
2026-08-03,64,PUB_Adequacy3_20260803_v64.xml,2026-08-01 08:57:00,https://reports-public.ieso.ca/public/Adequacy3/PUB_Adequacy3_20260803_v64.xml
2026-08-03,65,PUB_Adequacy3_20260803_v65.xml,2026-08-01 15:29:00,https://reports-public.ieso.ca/public/Adequacy3/PUB_Adequacy3_20260803_v65.xml
2026-08-03,66,PUB_Adequacy3_20260803_v66.xml,2026-08-02 04:21:00,https://reports-public.ieso.ca/public/Adequacy3/PUB_Adequacy3_20260803_v66.xml
2026-08-03,67,PUB_Adequacy3_20260803_v67.xml,2026-08-02 07:50:00,https://reports-public.ieso.ca/public/Adequacy3/PUB_Adequacy3_20260803_v67.xml
2026-08-03,68,PUB_Adequacy3_20260803_v68.xml,2026-08-02 12:51:00,https://reports-public.ieso.ca/public/Adequacy3/PUB_Adequacy3_20260803_v68.xml
2026-08-03,69,PUB_Adequacy3_20260803_v69.xml,2026-08-02 20:21:00,https://reports-public.ieso.ca/public/Adequacy3/PUB_Adequacy3_20260803_v69.xml
2026-08-03,70,PUB_Adequacy3_20260803_v70.xml,2026-08-02 21:21:00,https://reports-public.ieso.ca/public/Adequacy3/PUB_Adequacy3_20260803_v70.xml
2026-08-03,71,PUB_Adequacy3_20260803_v71.xml,2026-08-02 22:21:00,https://reports-public.ieso.ca/public/Adequacy3/PUB_Adequacy3_20260803_v71.xml
2026-08-03,72,PUB_Adequacy3_20260803_v72.xml,2026-08-02 23:23:00,https://reports-public.ieso.ca/public/Adequacy3/PUB_Adequacy3_20260803_v72.xml
2026-08-04,62,PUB_Adequacy3_20260804_v62.xml,2026-08-01 08:59:00,https://reports-public.ieso.ca/public/Adequacy3/PUB_Adequacy3_20260804_v62.xml
2026-08-04,63,PUB_Adequacy3_20260804_v63.xml,2026-08-01 15:29:00,https://reports-public.ieso.ca/public/Adequacy3/PUB_Adequacy3_20260804_v63.xml
2026-08-04,64,PUB_Adequacy3_20260804_v64.xml,2026-08-02 08:59:00,https://reports-public.ieso.ca/public/Adequacy3/PUB_Adequacy3_20260804_v64.xml
2026-08-04,65,PUB_Adequacy3_20260804_v65.xml,2026-08-02 15:29:00,https://reports-public.ieso.ca/public/Adequacy3/PUB_Adequacy3_20260804_v65.xml
2026-08-04,66,PUB_Adequacy3_20260804_v66.xml,2026-08-03 04:21:00,https://reports-public.ieso.ca/public/Adequacy3/PUB_Adequacy3_20260804_v66.xml
2026-08-04,67,PUB_Adequacy3_20260804_v67.xml,2026-08-03 07:50:00,https://reports-public.ieso.ca/public/Adequacy3/PUB_Adequacy3_20260804_v67.xml
2026-08-04,68,PUB_Adequacy3_20260804_v68.xml,2026-08-03 12:51:00,https://reports-public.ieso.ca/public/Adequacy3/PUB_Adequacy3_20260804_v68.xml
2026-08-04,69,PUB_Adequacy3_20260804_v69.xml,2026-08-03 20:21:00,https://reports-public.ieso.ca/public/Adequacy3/PUB_Adequacy3_20260804_v69.xml
2026-08-04,70,PUB_Adequacy3_20260804_v70.xml,2026-08-03 21:21:00,https://reports-public.ieso.ca/public/Adequacy3/PUB_Adequacy3_20260804_v70.xml
2026-08-04,71,PUB_Adequacy3_20260804_v71.xml,2026-08-03 22:21:00,https://reports-public.ieso.ca/public/Adequacy3/PUB_Adequacy3_20260804_v71.xml
2026-08-04,72,PUB_Adequacy3_20260804_v72.xml,2026-08-03 23:21:00,https://reports-public.ieso.ca/public/Adequacy3/PUB_Adequacy3_20260804_v72.xml
2026-08-05,62,PUB_Adequacy3_20260805_v62.xml,2026-08-02 08:59:00,https://reports-public.ieso.ca/public/Adequacy3/PUB_Adequacy3_20260805_v62.xml
2026-08-05,63,PUB_Adequacy3_20260805_v63.xml,2026-08-02 15:30:00,https://reports-public.ieso.ca/public/Adequacy3/PUB_Adequacy3_20260805_v63.xml
2026-08-05,64,PUB_Adequacy3_20260805_v64.xml,2026-08-03 08:59:00,https://reports-public.ieso.ca/public/Adequacy3/PUB_Adequacy3_20260805_v64.xml
2026-08-05,65,PUB_Adequacy3_20260805_v65.xml,2026-08-03 15:29:00,https://reports-public.ieso.ca/public/Adequacy3/PUB_Adequacy3_20260805_v65.xml
2026-08-05,66,PUB_Adequacy3_20260805_v66.xml,2026-08-04 04:21:00,https://reports-public.ieso.ca/public/Adequacy3/PUB_Adequacy3_20260805_v66.xml
2026-08-05,67,PUB_Adequacy3_20260805_v67.xml,2026-08-04 07:51:00,https://reports-public.ieso.ca/public/Adequacy3/PUB_Adequacy3_20260805_v67.xml
2026-08-05,68,PUB_Adequacy3_20260805_v68.xml,2026-08-04 12:51:00,https://reports-public.ieso.ca/public/Adequacy3/PUB_Adequacy3_20260805_v68.xml
2026-08-05,69,PUB_Adequacy3_20260805_v69.xml,2026-08-04 20:23:00,https://reports-public.ieso.ca/public/Adequacy3/PUB_Adequacy3_20260805_v69.xml
2026-08-05,70,PUB_Adequacy3_20260805_v70.xml,2026-08-04 21:23:00,https://reports-public.ieso.ca/public/Adequacy3/PUB_Adequacy3_20260805_v70.xml
2026-08-05,71,PUB_Adequacy3_20260805_v71.xml,2026-08-04 22:23:00,https://reports-public.ieso.ca/public/Adequacy3/PUB_Adequacy3_20260805_v71.xml
2026-08-05,72,PUB_Adequacy3_20260805_v72.xml,2026-08-04 23:21:00,https://reports-public.ieso.ca/public/Adequacy3/PUB_Adequacy3_20260805_v72.xml
2026-08-06,62,PUB_Adequacy3_20260806_v62.xml,2026-08-03 08:59:00,https://reports-public.ieso.ca/public/Adequacy3/PUB_Adequacy3_20260806_v62.xml
2026-08-06,63,PUB_Adequacy3_20260806_v63.xml,2026-08-03 15:30:00,https://reports-public.ieso.ca/public/Adequacy3/PUB_Adequacy3_20260806_v63.xml
2026-08-06,64,PUB_Adequacy3_20260806_v64.xml,2026-08-04 08:59:00,https://reports-public.ieso.ca/public/Adequacy3/PUB_Adequacy3_20260806_v64.xml
2026-08-06,65,PUB_Adequacy3_20260806_v65.xml,2026-08-04 15:31:00,https://reports-public.ieso.ca/public/Adequacy3/PUB_Adequacy3_20260806_v65.xml
2026-08-06,66,PUB_Adequacy3_20260806_v66.xml,2026-08-05 04:22:00,https://reports-public.ieso.ca/public/Adequacy3/PUB_Adequacy3_20260806_v66.xml
2026-08-06,67,PUB_Adequacy3_20260806_v67.xml,2026-08-05 07:51:00,https://reports-public.ieso.ca/public/Adequacy3/PUB_Adequacy3_20260806_v67.xml
2026-08-06,68,PUB_Adequacy3_20260806_v68.xml,2026-08-05 12:52:00,https://reports-public.ieso.ca/public/Adequacy3/PUB_Adequacy3_20260806_v68.xml
2026-08-06,69,PUB_Adequacy3_20260806_v69.xml,2026-08-05 20:21:00,https://reports-public.ieso.ca/public/Adequacy3/PUB_Adequacy3_20260806_v69.xml
2026-08-06,70,PUB_Adequacy3_20260806_v70.xml,2026-08-05 21:22:00,https://reports-public.ieso.ca/public/Adequacy3/PUB_Adequacy3_20260806_v70.xml
2026-08-06,71,PUB_Adequacy3_20260806_v71.xml,2026-08-05 22:21:00,https://reports-public.ieso.ca/public/Adequacy3/PUB_Adequacy3_20260806_v71.xml
2026-08-06,72,PUB_Adequacy3_20260806_v72.xml,2026-08-05 23:21:00,https://reports-public.ieso.ca/public/Adequacy3/PUB_Adequacy3_20260806_v72.xml
2026-08-07,62,PUB_Adequacy3_20260807_v62.xml,2026-08-04 08:59:00,https://reports-public.ieso.ca/public/Adequacy3/PUB_Adequacy3_20260807_v62.xml
2026-08-07,63,PUB_Adequacy3_20260807_v63.xml,2026-08-04 15:32:00,https://reports-public.ieso.ca/public/Adequacy3/PUB_Adequacy3_20260807_v63.xml
2026-08-07,64,PUB_Adequacy3_20260807_v64.xml,2026-08-05 08:58:00,https://reports-public.ieso.ca/public/Adequacy3/PUB_Adequacy3_20260807_v64.xml
2026-08-07,65,PUB_Adequacy3_20260807_v65.xml,2026-08-05 15:29:00,https://reports-public.ieso.ca/public/Adequacy3/PUB_Adequacy3_20260807_v65.xml
2026-08-07,66,PUB_Adequacy3_20260807_v66.xml,2026-08-06 04:21:00,https://reports-public.ieso.ca/public/Adequacy3/PUB_Adequacy3_20260807_v66.xml
2026-08-07,67,PUB_Adequacy3_20260807_v67.xml,2026-08-06 07:51:00,https://reports-public.ieso.ca/public/Adequacy3/PUB_Adequacy3_20260807_v67.xml
2026-08-07,68,PUB_Adequacy3_20260807_v68.xml,2026-08-06 12:51:00,https://reports-public.ieso.ca/public/Adequacy3/PUB_Adequacy3_20260807_v68.xml
2026-08-07,69,PUB_Adequacy3_20260807_v69.xml,2026-08-06 20:21:00,https://reports-public.ieso.ca/public/Adequacy3/PUB_Adequacy3_20260807_v69.xml
2026-08-07,70,PUB_Adequacy3_20260807_v70.xml,2026-08-06 21:21:00,https://reports-public.ieso.ca/public/Adequacy3/PUB_Adequacy3_20260807_v70.xml
2026-08-07,71,PUB_Adequacy3_20260807_v71.xml,2026-08-06 22:22:00,https://reports-public.ieso.ca/public/Adequacy3/PUB_Adequacy3_20260807_v71.xml
2026-08-07,72,PUB_Adequacy3_20260807_v72.xml,2026-08-06 23:22:00,https://reports-public.ieso.ca/public/Adequacy3/PUB_Adequacy3_20260807_v72.xml
2026-08-08,62,PUB_Adequacy3_20260808_v62.xml,2026-08-05 09:02:00,https://reports-public.ieso.ca/public/Adequacy3/PUB_Adequacy3_20260808_v62.xml
2026-08-08,63,PUB_Adequacy3_20260808_v63.xml,2026-08-05 15:30:00,https://reports-public.ieso.ca/public/Adequacy3/PUB_Adequacy3_20260808_v63.xml
2026-08-08,64,PUB_Adequacy3_20260808_v64.xml,2026-08-06 08:59:00,https://reports-public.ieso.ca/public/Adequacy3/PUB_Adequacy3_20260808_v64.xml
2026-08-08,65,PUB_Adequacy3_20260808_v65.xml,2026-08-06 15:29:00,https://reports-public.ieso.ca/public/Adequacy3/PUB_Adequacy3_20260808_v65.xml
2026-08-08,66,PUB_Adequacy3_20260808_v66.xml,2026-08-07 04:21:00,https://reports-public.ieso.ca/public/Adequacy3/PUB_Adequacy3_20260808_v66.xml
2026-08-08,67,PUB_Adequacy3_20260808_v67.xml,2026-08-07 07:51:00,https://reports-public.ieso.ca/public/Adequacy3/PUB_Adequacy3_20260808_v67.xml
2026-08-08,68,PUB_Adequacy3_20260808_v68.xml,2026-08-07 12:51:00,https://reports-public.ieso.ca/public/Adequacy3/PUB_Adequacy3_20260808_v68.xml
2026-08-08,69,PUB_Adequacy3_20260808_v69.xml,2026-08-07 20:21:00,https://reports-public.ieso.ca/public/Adequacy3/PUB_Adequacy3_20260808_v69.xml
2026-08-08,70,PUB_Adequacy3_20260808_v70.xml,2026-08-07 21:21:00,https://reports-public.ieso.ca/public/Adequacy3/PUB_Adequacy3_20260808_v70.xml
2026-08-08,71,PUB_Adequacy3_20260808_v71.xml,2026-08-07 22:21:00,https://reports-public.ieso.ca/public/Adequacy3/PUB_Adequacy3_20260808_v71.xml
2026-08-08,72,PUB_Adequacy3_20260808_v72.xml,2026-08-07 23:21:00,https://reports-public.ieso.ca/public/Adequacy3/PUB_Adequacy3_20260808_v72.xml
2026-08-09,62,PUB_Adequacy3_20260809_v62.xml,2026-08-06 08:59:00,https://reports-public.ieso.ca/public/Adequacy3/PUB_Adequacy3_20260809_v62.xml
2026-08-09,63,PUB_Adequacy3_20260809_v63.xml,2026-08-06 15:29:00,https://reports-public.ieso.ca/public/Adequacy3/PUB_Adequacy3_20260809_v63.xml
2026-08-09,64,PUB_Adequacy3_20260809_v64.xml,2026-08-07 08:59:00,https://reports-public.ieso.ca/public/Adequacy3/PUB_Adequacy3_20260809_v64.xml
2026-08-09,65,PUB_Adequacy3_20260809_v65.xml,2026-08-07 15:29:00,https://reports-public.ieso.ca/public/Adequacy3/PUB_Adequacy3_20260809_v65.xml
2026-08-09,66,PUB_Adequacy3_20260809_v66.xml,2026-08-08 04:21:00,https://reports-public.ieso.ca/public/Adequacy3/PUB_Adequacy3_20260809_v66.xml
2026-08-09,67,PUB_Adequacy3_20260809_v67.xml,2026-08-08 07:50:00,https://reports-public.ieso.ca/public/Adequacy3/PUB_Adequacy3_20260809_v67.xml
2026-08-09,68,PUB_Adequacy3_20260809_v68.xml,2026-08-08 12:51:00,https://reports-public.ieso.ca/public/Adequacy3/PUB_Adequacy3_20260809_v68.xml
2026-08-09,69,PUB_Adequacy3_20260809_v69.xml,2026-08-08 20:21:00,https://reports-public.ieso.ca/public/Adequacy3/PUB_Adequacy3_20260809_v69.xml
2026-08-09,70,PUB_Adequacy3_20260809_v70.xml,2026-08-08 21:21:00,https://reports-public.ieso.ca/public/Adequacy3/PUB_Adequacy3_20260809_v70.xml
2026-08-09,71,PUB_Adequacy3_20260809_v71.xml,2026-08-08 22:21:00,https://reports-public.ieso.ca/public/Adequacy3/PUB_Adequacy3_20260809_v71.xml
2026-08-09,72,PUB_Adequacy3_20260809_v72.xml,2026-08-08 23:21:00,https://reports-public.ieso.ca/public/Adequacy3/PUB_Adequacy3_20260809_v72.xml
2026-08-10,62,PUB_Adequacy3_20260810_v62.xml,2026-08-07 08:59:00,https://reports-public.ieso.ca/public/Adequacy3/PUB_Adequacy3_20260810_v62.xml
2026-08-10,63,PUB_Adequacy3_20260810_v63.xml,2026-08-07 15:29:00,https://reports-public.ieso.ca/public/Adequacy3/PUB_Adequacy3_20260810_v63.xml
2026-08-10,64,PUB_Adequacy3_20260810_v64.xml,2026-08-08 08:59:00,https://reports-public.ieso.ca/public/Adequacy3/PUB_Adequacy3_20260810_v64.xml
2026-08-10,65,PUB_Adequacy3_20260810_v65.xml,2026-08-08 15:29:00,https://reports-public.ieso.ca/public/Adequacy3/PUB_Adequacy3_20260810_v65.xml
2026-08-10,66,PUB_Adequacy3_20260810_v66.xml,2026-08-09 04:21:00,https://reports-public.ieso.ca/public/Adequacy3/PUB_Adequacy3_20260810_v66.xml
2026-08-10,67,PUB_Adequacy3_20260810_v67.xml,2026-08-09 07:50:00,https://reports-public.ieso.ca/public/Adequacy3/PUB_Adequacy3_20260810_v67.xml
2026-08-10,68,PUB_Adequacy3_20260810_v68.xml,2026-08-09 12:51:00,https://reports-public.ieso.ca/public/Adequacy3/PUB_Adequacy3_20260810_v68.xml
2026-08-10,69,PUB_Adequacy3_20260810_v69.xml,2026-08-09 20:22:00,https://reports-public.ieso.ca/public/Adequacy3/PUB_Adequacy3_20260810_v69.xml
2026-08-10,70,PUB_Adequacy3_20260810_v70.xml,2026-08-09 21:21:00,https://reports-public.ieso.ca/public/Adequacy3/PUB_Adequacy3_20260810_v70.xml
2026-08-10,71,PUB_Adequacy3_20260810_v71.xml,2026-08-09 22:21:00,https://reports-public.ieso.ca/public/Adequacy3/PUB_Adequacy3_20260810_v71.xml
2026-08-10,72,PUB_Adequacy3_20260810_v72.xml,2026-08-09 23:21:00,https://reports-public.ieso.ca/public/Adequacy3/PUB_Adequacy3_20260810_v72.xml
2026-08-11,63,PUB_Adequacy3_20260811_v63.xml,2026-08-08 08:59:00,https://reports-public.ieso.ca/public/Adequacy3/PUB_Adequacy3_20260811_v63.xml
2026-08-11,64,PUB_Adequacy3_20260811_v64.xml,2026-08-08 15:29:00,https://reports-public.ieso.ca/public/Adequacy3/PUB_Adequacy3_20260811_v64.xml
2026-08-11,65,PUB_Adequacy3_20260811_v65.xml,2026-08-09 08:59:00,https://reports-public.ieso.ca/public/Adequacy3/PUB_Adequacy3_20260811_v65.xml
2026-08-11,66,PUB_Adequacy3_20260811_v66.xml,2026-08-09 15:29:00,https://reports-public.ieso.ca/public/Adequacy3/PUB_Adequacy3_20260811_v66.xml
2026-08-11,67,PUB_Adequacy3_20260811_v67.xml,2026-08-10 04:21:00,https://reports-public.ieso.ca/public/Adequacy3/PUB_Adequacy3_20260811_v67.xml
2026-08-11,68,PUB_Adequacy3_20260811_v68.xml,2026-08-10 07:51:00,https://reports-public.ieso.ca/public/Adequacy3/PUB_Adequacy3_20260811_v68.xml
2026-08-11,69,PUB_Adequacy3_20260811_v69.xml,2026-08-10 12:52:00,https://reports-public.ieso.ca/public/Adequacy3/PUB_Adequacy3_20260811_v69.xml
2026-08-11,70,PUB_Adequacy3_20260811_v70.xml,2026-08-10 20:22:00,https://reports-public.ieso.ca/public/Adequacy3/PUB_Adequacy3_20260811_v70.xml
2026-08-11,71,PUB_Adequacy3_20260811_v71.xml,2026-08-10 21:21:00,https://reports-public.ieso.ca/public/Adequacy3/PUB_Adequacy3_20260811_v71.xml
2026-08-11,72,PUB_Adequacy3_20260811_v72.xml,2026-08-10 22:22:00,https://reports-public.ieso.ca/public/Adequacy3/PUB_Adequacy3_20260811_v72.xml
2026-08-11,73,PUB_Adequacy3_20260811_v73.xml,2026-08-10 23:21:00,https://reports-public.ieso.ca/public/Adequacy3/PUB_Adequacy3_20260811_v73.xml
2026-08-12,63,PUB_Adequacy3_20260812_v63.xml,2026-08-09 08:59:00,https://reports-public.ieso.ca/public/Adequacy3/PUB_Adequacy3_20260812_v63.xml
2026-08-12,64,PUB_Adequacy3_20260812_v64.xml,2026-08-09 15:29:00,https://reports-public.ieso.ca/public/Adequacy3/PUB_Adequacy3_20260812_v64.xml
2026-08-12,65,PUB_Adequacy3_20260812_v65.xml,2026-08-10 08:59:00,https://reports-public.ieso.ca/public/Adequacy3/PUB_Adequacy3_20260812_v65.xml
2026-08-12,66,PUB_Adequacy3_20260812_v66.xml,2026-08-10 15:29:00,https://reports-public.ieso.ca/public/Adequacy3/PUB_Adequacy3_20260812_v66.xml
2026-08-12,67,PUB_Adequacy3_20260812_v67.xml,2026-08-11 04:21:00,https://reports-public.ieso.ca/public/Adequacy3/PUB_Adequacy3_20260812_v67.xml
2026-08-12,68,PUB_Adequacy3_20260812_v68.xml,2026-08-11 07:51:00,https://reports-public.ieso.ca/public/Adequacy3/PUB_Adequacy3_20260812_v68.xml
2026-08-12,69,PUB_Adequacy3_20260812_v69.xml,2026-08-11 12:51:00,https://reports-public.ieso.ca/public/Adequacy3/PUB_Adequacy3_20260812_v69.xml
2026-08-12,70,PUB_Adequacy3_20260812_v70.xml,2026-08-11 20:21:00,https://reports-public.ieso.ca/public/Adequacy3/PUB_Adequacy3_20260812_v70.xml
2026-08-12,71,PUB_Adequacy3_20260812_v71.xml,2026-08-11 21:21:00,https://reports-public.ieso.ca/public/Adequacy3/PUB_Adequacy3_20260812_v71.xml
2026-08-12,72,PUB_Adequacy3_20260812_v72.xml,2026-08-11 22:21:00,https://reports-public.ieso.ca/public/Adequacy3/PUB_Adequacy3_20260812_v72.xml
2026-08-12,73,PUB_Adequacy3_20260812_v73.xml,2026-08-11 23:21:00,https://reports-public.ieso.ca/public/Adequacy3/PUB_Adequacy3_20260812_v73.xml
2026-08-13,63,PUB_Adequacy3_20260813_v63.xml,2026-08-10 08:59:00,https://reports-public.ieso.ca/public/Adequacy3/PUB_Adequacy3_20260813_v63.xml
2026-08-13,64,PUB_Adequacy3_20260813_v64.xml,2026-08-10 15:29:00,https://reports-public.ieso.ca/public/Adequacy3/PUB_Adequacy3_20260813_v64.xml
2026-08-13,65,PUB_Adequacy3_20260813_v65.xml,2026-08-11 08:59:00,https://reports-public.ieso.ca/public/Adequacy3/PUB_Adequacy3_20260813_v65.xml
2026-08-13,66,PUB_Adequacy3_20260813_v66.xml,2026-08-11 15:29:00,https://reports-public.ieso.ca/public/Adequacy3/PUB_Adequacy3_20260813_v66.xml
2026-08-13,67,PUB_Adequacy3_20260813_v67.xml,2026-08-12 04:21:00,https://reports-public.ieso.ca/public/Adequacy3/PUB_Adequacy3_20260813_v67.xml
2026-08-13,68,PUB_Adequacy3_20260813_v68.xml,2026-08-12 07:51:00,https://reports-public.ieso.ca/public/Adequacy3/PUB_Adequacy3_20260813_v68.xml
2026-08-13,69,PUB_Adequacy3_20260813_v69.xml,2026-08-12 12:51:00,https://reports-public.ieso.ca/public/Adequacy3/PUB_Adequacy3_20260813_v69.xml
2026-08-13,70,PUB_Adequacy3_20260813_v70.xml,2026-08-12 20:21:00,https://reports-public.ieso.ca/public/Adequacy3/PUB_Adequacy3_20260813_v70.xml
2026-08-13,71,PUB_Adequacy3_20260813_v71.xml,2026-08-12 21:21:00,https://reports-public.ieso.ca/public/Adequacy3/PUB_Adequacy3_20260813_v71.xml
2026-08-13,72,PUB_Adequacy3_20260813_v72.xml,2026-08-12 22:21:00,https://reports-public.ieso.ca/public/Adequacy3/PUB_Adequacy3_20260813_v72.xml
2026-08-13,73,PUB_Adequacy3_20260813_v73.xml,2026-08-12 23:21:00,https://reports-public.ieso.ca/public/Adequacy3/PUB_Adequacy3_20260813_v73.xml
2026-08-14,63,PUB_Adequacy3_20260814_v63.xml,2026-08-11 08:59:00,https://reports-public.ieso.ca/public/Adequacy3/PUB_Adequacy3_20260814_v63.xml
2026-08-14,64,PUB_Adequacy3_20260814_v64.xml,2026-08-11 15:30:00,https://reports-public.ieso.ca/public/Adequacy3/PUB_Adequacy3_20260814_v64.xml
2026-08-14,65,PUB_Adequacy3_20260814_v65.xml,2026-08-12 08:59:00,https://reports-public.ieso.ca/public/Adequacy3/PUB_Adequacy3_20260814_v65.xml
2026-08-14,66,PUB_Adequacy3_20260814_v66.xml,2026-08-12 15:29:00,https://reports-public.ieso.ca/public/Adequacy3/PUB_Adequacy3_20260814_v66.xml
2026-08-14,67,PUB_Adequacy3_20260814_v67.xml,2026-08-13 04:21:00,https://reports-public.ieso.ca/public/Adequacy3/PUB_Adequacy3_20260814_v67.xml
2026-08-14,68,PUB_Adequacy3_20260814_v68.xml,2026-08-13 07:51:00,https://reports-public.ieso.ca/public/Adequacy3/PUB_Adequacy3_20260814_v68.xml
2026-08-14,69,PUB_Adequacy3_20260814_v69.xml,2026-08-13 12:51:00,https://reports-public.ieso.ca/public/Adequacy3/PUB_Adequacy3_20260814_v69.xml
2026-08-14,70,PUB_Adequacy3_20260814_v70.xml,2026-08-13 20:21:00,https://reports-public.ieso.ca/public/Adequacy3/PUB_Adequacy3_20260814_v70.xml
2026-08-14,71,PUB_Adequacy3_20260814_v71.xml,2026-08-13 21:22:00,https://reports-public.ieso.ca/public/Adequacy3/PUB_Adequacy3_20260814_v71.xml
2026-08-14,72,PUB_Adequacy3_20260814_v72.xml,2026-08-13 22:21:00,https://reports-public.ieso.ca/public/Adequacy3/PUB_Adequacy3_20260814_v72.xml
2026-08-14,73,PUB_Adequacy3_20260814_v73.xml,2026-08-13 23:22:00,https://reports-public.ieso.ca/public/Adequacy3/PUB_Adequacy3_20260814_v73.xml
2026-08-15,63,PUB_Adequacy3_20260815_v63.xml,2026-08-12 09:00:00,https://reports-public.ieso.ca/public/Adequacy3/PUB_Adequacy3_20260815_v63.xml
2026-08-15,64,PUB_Adequacy3_20260815_v64.xml,2026-08-12 15:30:00,https://reports-public.ieso.ca/public/Adequacy3/PUB_Adequacy3_20260815_v64.xml
2026-08-15,65,PUB_Adequacy3_20260815_v65.xml,2026-08-13 08:59:00,https://reports-public.ieso.ca/public/Adequacy3/PUB_Adequacy3_20260815_v65.xml
2026-08-15,66,PUB_Adequacy3_20260815_v66.xml,2026-08-13 15:29:00,https://reports-public.ieso.ca/public/Adequacy3/PUB_Adequacy3_20260815_v66.xml
2026-08-15,67,PUB_Adequacy3_20260815_v67.xml,2026-08-14 04:21:00,https://reports-public.ieso.ca/public/Adequacy3/PUB_Adequacy3_20260815_v67.xml
2026-08-15,68,PUB_Adequacy3_20260815_v68.xml,2026-08-14 07:51:00,https://reports-public.ieso.ca/public/Adequacy3/PUB_Adequacy3_20260815_v68.xml
2026-08-15,69,PUB_Adequacy3_20260815_v69.xml,2026-08-14 12:51:00,https://reports-public.ieso.ca/public/Adequacy3/PUB_Adequacy3_20260815_v69.xml
2026-08-15,70,PUB_Adequacy3_20260815_v70.xml,2026-08-14 20:21:00,https://reports-public.ieso.ca/public/Adequacy3/PUB_Adequacy3_20260815_v70.xml
2026-08-15,71,PUB_Adequacy3_20260815_v71.xml,2026-08-14 21:21:00,https://reports-public.ieso.ca/public/Adequacy3/PUB_Adequacy3_20260815_v71.xml
2026-08-15,72,PUB_Adequacy3_20260815_v72.xml,2026-08-14 22:21:00,https://reports-public.ieso.ca/public/Adequacy3/PUB_Adequacy3_20260815_v72.xml
2026-08-15,73,PUB_Adequacy3_20260815_v73.xml,2026-08-14 23:21:00,https://reports-public.ieso.ca/public/Adequacy3/PUB_Adequacy3_20260815_v73.xml
2026-08-16,63,PUB_Adequacy3_20260816_v63.xml,2026-08-13 09:00:00,https://reports-public.ieso.ca/public/Adequacy3/PUB_Adequacy3_20260816_v63.xml
2026-08-16,64,PUB_Adequacy3_20260816_v64.xml,2026-08-13 15:29:00,https://reports-public.ieso.ca/public/Adequacy3/PUB_Adequacy3_20260816_v64.xml
2026-08-16,65,PUB_Adequacy3_20260816_v65.xml,2026-08-14 08:59:00,https://reports-public.ieso.ca/public/Adequacy3/PUB_Adequacy3_20260816_v65.xml
2026-08-16,66,PUB_Adequacy3_20260816_v66.xml,2026-08-14 15:29:00,https://reports-public.ieso.ca/public/Adequacy3/PUB_Adequacy3_20260816_v66.xml
2026-08-16,67,PUB_Adequacy3_20260816_v67.xml,2026-08-15 04:21:00,https://reports-public.ieso.ca/public/Adequacy3/PUB_Adequacy3_20260816_v67.xml
2026-08-16,68,PUB_Adequacy3_20260816_v68.xml,2026-08-15 07:51:00,https://reports-public.ieso.ca/public/Adequacy3/PUB_Adequacy3_20260816_v68.xml
2026-08-16,69,PUB_Adequacy3_20260816_v69.xml,2026-08-15 12:51:00,https://reports-public.ieso.ca/public/Adequacy3/PUB_Adequacy3_20260816_v69.xml
2026-08-16,70,PUB_Adequacy3_20260816_v70.xml,2026-08-15 20:21:00,https://reports-public.ieso.ca/public/Adequacy3/PUB_Adequacy3_20260816_v70.xml
2026-08-16,71,PUB_Adequacy3_20260816_v71.xml,2026-08-15 21:21:00,https://reports-public.ieso.ca/public/Adequacy3/PUB_Adequacy3_20260816_v71.xml
2026-08-16,72,PUB_Adequacy3_20260816_v72.xml,2026-08-15 22:21:00,https://reports-public.ieso.ca/public/Adequacy3/PUB_Adequacy3_20260816_v72.xml
2026-08-16,73,PUB_Adequacy3_20260816_v73.xml,2026-08-15 23:21:00,https://reports-public.ieso.ca/public/Adequacy3/PUB_Adequacy3_20260816_v73.xml
2026-08-17,63,PUB_Adequacy3_20260817_v63.xml,2026-08-14 08:59:00,https://reports-public.ieso.ca/public/Adequacy3/PUB_Adequacy3_20260817_v63.xml
2026-08-17,64,PUB_Adequacy3_20260817_v64.xml,2026-08-14 15:29:00,https://reports-public.ieso.ca/public/Adequacy3/PUB_Adequacy3_20260817_v64.xml
2026-08-17,65,PUB_Adequacy3_20260817_v65.xml,2026-08-15 08:59:00,https://reports-public.ieso.ca/public/Adequacy3/PUB_Adequacy3_20260817_v65.xml
2026-08-17,66,PUB_Adequacy3_20260817_v66.xml,2026-08-15 15:29:00,https://reports-public.ieso.ca/public/Adequacy3/PUB_Adequacy3_20260817_v66.xml
2026-08-17,67,PUB_Adequacy3_20260817_v67.xml,2026-08-16 04:21:00,https://reports-public.ieso.ca/public/Adequacy3/PUB_Adequacy3_20260817_v67.xml
2026-08-17,68,PUB_Adequacy3_20260817_v68.xml,2026-08-16 07:50:00,https://reports-public.ieso.ca/public/Adequacy3/PUB_Adequacy3_20260817_v68.xml
2026-08-17,69,PUB_Adequacy3_20260817_v69.xml,2026-08-16 12:51:00,https://reports-public.ieso.ca/public/Adequacy3/PUB_Adequacy3_20260817_v69.xml
2026-08-17,70,PUB_Adequacy3_20260817_v70.xml,2026-08-16 20:23:00,https://reports-public.ieso.ca/public/Adequacy3/PUB_Adequacy3_20260817_v70.xml
2026-08-17,71,PUB_Adequacy3_20260817_v71.xml,2026-08-16 21:21:00,https://reports-public.ieso.ca/public/Adequacy3/PUB_Adequacy3_20260817_v71.xml
2026-08-17,72,PUB_Adequacy3_20260817_v72.xml,2026-08-16 22:21:00,https://reports-public.ieso.ca/public/Adequacy3/PUB_Adequacy3_20260817_v72.xml
2026-08-17,73,PUB_Adequacy3_20260817_v73.xml,2026-08-16 23:21:00,https://reports-public.ieso.ca/public/Adequacy3/PUB_Adequacy3_20260817_v73.xml
2026-08-18,63,PUB_Adequacy3_20260818_v63.xml,2026-08-15 08:59:00,https://reports-public.ieso.ca/public/Adequacy3/PUB_Adequacy3_20260818_v63.xml
2026-08-18,64,PUB_Adequacy3_20260818_v64.xml,2026-08-15 15:30:00,https://reports-public.ieso.ca/public/Adequacy3/PUB_Adequacy3_20260818_v64.xml
2026-08-18,65,PUB_Adequacy3_20260818_v65.xml,2026-08-16 08:59:00,https://reports-public.ieso.ca/public/Adequacy3/PUB_Adequacy3_20260818_v65.xml
2026-08-18,66,PUB_Adequacy3_20260818_v66.xml,2026-08-16 15:29:00,https://reports-public.ieso.ca/public/Adequacy3/PUB_Adequacy3_20260818_v66.xml
2026-08-18,67,PUB_Adequacy3_20260818_v67.xml,2026-08-17 04:21:00,https://reports-public.ieso.ca/public/Adequacy3/PUB_Adequacy3_20260818_v67.xml
2026-08-18,68,PUB_Adequacy3_20260818_v68.xml,2026-08-17 07:54:00,https://reports-public.ieso.ca/public/Adequacy3/PUB_Adequacy3_20260818_v68.xml
2026-08-18,69,PUB_Adequacy3_20260818_v69.xml,2026-08-17 12:51:00,https://reports-public.ieso.ca/public/Adequacy3/PUB_Adequacy3_20260818_v69.xml
2026-08-18,70,PUB_Adequacy3_20260818_v70.xml,2026-08-17 20:23:00,https://reports-public.ieso.ca/public/Adequacy3/PUB_Adequacy3_20260818_v70.xml
2026-08-18,71,PUB_Adequacy3_20260818_v71.xml,2026-08-17 21:23:00,https://reports-public.ieso.ca/public/Adequacy3/PUB_Adequacy3_20260818_v71.xml
2026-08-18,72,PUB_Adequacy3_20260818_v72.xml,2026-08-17 22:23:00,https://reports-public.ieso.ca/public/Adequacy3/PUB_Adequacy3_20260818_v72.xml
2026-08-18,73,PUB_Adequacy3_20260818_v73.xml,2026-08-17 23:22:00,https://reports-public.ieso.ca/public/Adequacy3/PUB_Adequacy3_20260818_v73.xml
2026-08-19,63,PUB_Adequacy3_20260819_v63.xml,2026-08-16 08:59:00,https://reports-public.ieso.ca/public/Adequacy3/PUB_Adequacy3_20260819_v63.xml
2026-08-19,64,PUB_Adequacy3_20260819_v64.xml,2026-08-16 15:30:00,https://reports-public.ieso.ca/public/Adequacy3/PUB_Adequacy3_20260819_v64.xml
2026-08-19,65,PUB_Adequacy3_20260819_v65.xml,2026-08-17 09:01:00,https://reports-public.ieso.ca/public/Adequacy3/PUB_Adequacy3_20260819_v65.xml
2026-08-19,66,PUB_Adequacy3_20260819_v66.xml,2026-08-17 15:31:00,https://reports-public.ieso.ca/public/Adequacy3/PUB_Adequacy3_20260819_v66.xml
2026-08-19,67,PUB_Adequacy3_20260819_v67.xml,2026-08-18 04:22:00,https://reports-public.ieso.ca/public/Adequacy3/PUB_Adequacy3_20260819_v67.xml
2026-08-19,68,PUB_Adequacy3_20260819_v68.xml,2026-08-18 07:51:00,https://reports-public.ieso.ca/public/Adequacy3/PUB_Adequacy3_20260819_v68.xml
2026-08-19,69,PUB_Adequacy3_20260819_v69.xml,2026-08-18 12:52:00,https://reports-public.ieso.ca/public/Adequacy3/PUB_Adequacy3_20260819_v69.xml
2026-08-19,70,PUB_Adequacy3_20260819_v70.xml,2026-08-18 20:23:00,https://reports-public.ieso.ca/public/Adequacy3/PUB_Adequacy3_20260819_v70.xml
2026-08-19,71,PUB_Adequacy3_20260819_v71.xml,2026-08-18 21:23:00,https://reports-public.ieso.ca/public/Adequacy3/PUB_Adequacy3_20260819_v71.xml
2026-08-19,72,PUB_Adequacy3_20260819_v72.xml,2026-08-18 22:23:00,https://reports-public.ieso.ca/public/Adequacy3/PUB_Adequacy3_20260819_v72.xml
2026-08-19,73,PUB_Adequacy3_20260819_v73.xml,2026-08-18 23:22:00,https://reports-public.ieso.ca/public/Adequacy3/PUB_Adequacy3_20260819_v73.xml
2026-08-20,63,PUB_Adequacy3_20260820_v63.xml,2026-08-17 09:02:00,https://reports-public.ieso.ca/public/Adequacy3/PUB_Adequacy3_20260820_v63.xml
2026-08-20,64,PUB_Adequacy3_20260820_v64.xml,2026-08-17 15:32:00,https://reports-public.ieso.ca/public/Adequacy3/PUB_Adequacy3_20260820_v64.xml
2026-08-20,65,PUB_Adequacy3_20260820_v65.xml,2026-08-18 08:59:00,https://reports-public.ieso.ca/public/Adequacy3/PUB_Adequacy3_20260820_v65.xml
2026-08-20,66,PUB_Adequacy3_20260820_v66.xml,2026-08-18 15:31:00,https://reports-public.ieso.ca/public/Adequacy3/PUB_Adequacy3_20260820_v66.xml
2026-08-20,67,PUB_Adequacy3_20260820_v67.xml,2026-08-19 04:21:00,https://reports-public.ieso.ca/public/Adequacy3/PUB_Adequacy3_20260820_v67.xml
2026-08-20,68,PUB_Adequacy3_20260820_v68.xml,2026-08-19 07:51:00,https://reports-public.ieso.ca/public/Adequacy3/PUB_Adequacy3_20260820_v68.xml
2026-08-20,69,PUB_Adequacy3_20260820_v69.xml,2026-08-19 12:58:00,https://reports-public.ieso.ca/public/Adequacy3/PUB_Adequacy3_20260820_v69.xml
2026-08-20,70,PUB_Adequacy3_20260820_v70.xml,2026-08-19 20:23:00,https://reports-public.ieso.ca/public/Adequacy3/PUB_Adequacy3_20260820_v70.xml
2026-08-20,71,PUB_Adequacy3_20260820_v71.xml,2026-08-19 21:23:00,https://reports-public.ieso.ca/public/Adequacy3/PUB_Adequacy3_20260820_v71.xml
2026-08-20,72,PUB_Adequacy3_20260820_v72.xml,2026-08-19 22:22:00,https://reports-public.ieso.ca/public/Adequacy3/PUB_Adequacy3_20260820_v72.xml
2026-08-20,73,PUB_Adequacy3_20260820_v73.xml,2026-08-19 23:22:00,https://reports-public.ieso.ca/public/Adequacy3/PUB_Adequacy3_20260820_v73.xml
2026-08-21,63,PUB_Adequacy3_20260821_v63.xml,2026-08-18 08:59:00,https://reports-public.ieso.ca/public/Adequacy3/PUB_Adequacy3_20260821_v63.xml
2026-08-21,64,PUB_Adequacy3_20260821_v64.xml,2026-08-18 15:32:00,https://reports-public.ieso.ca/public/Adequacy3/PUB_Adequacy3_20260821_v64.xml
2026-08-21,65,PUB_Adequacy3_20260821_v65.xml,2026-08-19 08:59:00,https://reports-public.ieso.ca/public/Adequacy3/PUB_Adequacy3_20260821_v65.xml
2026-08-21,66,PUB_Adequacy3_20260821_v66.xml,2026-08-19 15:29:00,https://reports-public.ieso.ca/public/Adequacy3/PUB_Adequacy3_20260821_v66.xml
2026-08-21,67,PUB_Adequacy3_20260821_v67.xml,2026-08-20 04:22:00,https://reports-public.ieso.ca/public/Adequacy3/PUB_Adequacy3_20260821_v67.xml
2026-08-21,68,PUB_Adequacy3_20260821_v68.xml,2026-08-20 07:51:00,https://reports-public.ieso.ca/public/Adequacy3/PUB_Adequacy3_20260821_v68.xml
2026-08-21,69,PUB_Adequacy3_20260821_v69.xml,2026-08-20 12:51:00,https://reports-public.ieso.ca/public/Adequacy3/PUB_Adequacy3_20260821_v69.xml
2026-08-21,70,PUB_Adequacy3_20260821_v70.xml,2026-08-20 20:23:00,https://reports-public.ieso.ca/public/Adequacy3/PUB_Adequacy3_20260821_v70.xml
2026-08-21,71,PUB_Adequacy3_20260821_v71.xml,2026-08-20 21:23:00,https://reports-public.ieso.ca/public/Adequacy3/PUB_Adequacy3_20260821_v71.xml
2026-08-21,72,PUB_Adequacy3_20260821_v72.xml,2026-08-20 22:23:00,https://reports-public.ieso.ca/public/Adequacy3/PUB_Adequacy3_20260821_v72.xml
2026-08-21,73,PUB_Adequacy3_20260821_v73.xml,2026-08-20 23:21:00,https://reports-public.ieso.ca/public/Adequacy3/PUB_Adequacy3_20260821_v73.xml
2026-08-22,63,PUB_Adequacy3_20260822_v63.xml,2026-08-19 08:59:00,https://reports-public.ieso.ca/public/Adequacy3/PUB_Adequacy3_20260822_v63.xml
2026-08-22,64,PUB_Adequacy3_20260822_v64.xml,2026-08-19 15:30:00,https://reports-public.ieso.ca/public/Adequacy3/PUB_Adequacy3_20260822_v64.xml
2026-08-22,65,PUB_Adequacy3_20260822_v65.xml,2026-08-20 08:59:00,https://reports-public.ieso.ca/public/Adequacy3/PUB_Adequacy3_20260822_v65.xml
2026-08-22,66,PUB_Adequacy3_20260822_v66.xml,2026-08-20 15:29:00,https://reports-public.ieso.ca/public/Adequacy3/PUB_Adequacy3_20260822_v66.xml
2026-08-22,67,PUB_Adequacy3_20260822_v67.xml,2026-08-21 04:22:00,https://reports-public.ieso.ca/public/Adequacy3/PUB_Adequacy3_20260822_v67.xml
2026-08-22,68,PUB_Adequacy3_20260822_v68.xml,2026-08-21 07:51:00,https://reports-public.ieso.ca/public/Adequacy3/PUB_Adequacy3_20260822_v68.xml
2026-08-22,69,PUB_Adequacy3_20260822_v69.xml,2026-08-21 12:51:00,https://reports-public.ieso.ca/public/Adequacy3/PUB_Adequacy3_20260822_v69.xml
2026-08-22,70,PUB_Adequacy3_20260822_v70.xml,2026-08-21 20:23:00,https://reports-public.ieso.ca/public/Adequacy3/PUB_Adequacy3_20260822_v70.xml
2026-08-22,71,PUB_Adequacy3_20260822_v71.xml,2026-08-21 21:22:00,https://reports-public.ieso.ca/public/Adequacy3/PUB_Adequacy3_20260822_v71.xml
2026-08-22,72,PUB_Adequacy3_20260822_v72.xml,2026-08-21 22:22:00,https://reports-public.ieso.ca/public/Adequacy3/PUB_Adequacy3_20260822_v72.xml
2026-08-22,73,PUB_Adequacy3_20260822_v73.xml,2026-08-21 23:22:00,https://reports-public.ieso.ca/public/Adequacy3/PUB_Adequacy3_20260822_v73.xml
2026-08-23,63,PUB_Adequacy3_20260823_v63.xml,2026-08-20 09:00:00,https://reports-public.ieso.ca/public/Adequacy3/PUB_Adequacy3_20260823_v63.xml
2026-08-23,64,PUB_Adequacy3_20260823_v64.xml,2026-08-20 15:30:00,https://reports-public.ieso.ca/public/Adequacy3/PUB_Adequacy3_20260823_v64.xml
2026-08-23,65,PUB_Adequacy3_20260823_v65.xml,2026-08-21 08:59:00,https://reports-public.ieso.ca/public/Adequacy3/PUB_Adequacy3_20260823_v65.xml
2026-08-23,66,PUB_Adequacy3_20260823_v66.xml,2026-08-21 15:30:00,https://reports-public.ieso.ca/public/Adequacy3/PUB_Adequacy3_20260823_v66.xml
2026-08-23,67,PUB_Adequacy3_20260823_v67.xml,2026-08-22 04:22:00,https://reports-public.ieso.ca/public/Adequacy3/PUB_Adequacy3_20260823_v67.xml
2026-08-23,68,PUB_Adequacy3_20260823_v68.xml,2026-08-22 07:51:00,https://reports-public.ieso.ca/public/Adequacy3/PUB_Adequacy3_20260823_v68.xml
2026-08-23,69,PUB_Adequacy3_20260823_v69.xml,2026-08-22 12:51:00,https://reports-public.ieso.ca/public/Adequacy3/PUB_Adequacy3_20260823_v69.xml
2026-08-23,70,PUB_Adequacy3_20260823_v70.xml,2026-08-22 20:22:00,https://reports-public.ieso.ca/public/Adequacy3/PUB_Adequacy3_20260823_v70.xml
2026-08-23,71,PUB_Adequacy3_20260823_v71.xml,2026-08-22 21:22:00,https://reports-public.ieso.ca/public/Adequacy3/PUB_Adequacy3_20260823_v71.xml
2026-08-23,72,PUB_Adequacy3_20260823_v72.xml,2026-08-22 22:22:00,https://reports-public.ieso.ca/public/Adequacy3/PUB_Adequacy3_20260823_v72.xml
2026-08-23,73,PUB_Adequacy3_20260823_v73.xml,2026-08-22 23:21:00,https://reports-public.ieso.ca/public/Adequacy3/PUB_Adequacy3_20260823_v73.xml
2026-08-24,63,PUB_Adequacy3_20260824_v63.xml,2026-08-21 09:00:00,https://reports-public.ieso.ca/public/Adequacy3/PUB_Adequacy3_20260824_v63.xml
2026-08-24,64,PUB_Adequacy3_20260824_v64.xml,2026-08-21 15:31:00,https://reports-public.ieso.ca/public/Adequacy3/PUB_Adequacy3_20260824_v64.xml
2026-08-24,65,PUB_Adequacy3_20260824_v65.xml,2026-08-22 08:59:00,https://reports-public.ieso.ca/public/Adequacy3/PUB_Adequacy3_20260824_v65.xml
2026-08-24,66,PUB_Adequacy3_20260824_v66.xml,2026-08-22 15:29:00,https://reports-public.ieso.ca/public/Adequacy3/PUB_Adequacy3_20260824_v66.xml
2026-08-24,67,PUB_Adequacy3_20260824_v67.xml,2026-08-23 04:21:00,https://reports-public.ieso.ca/public/Adequacy3/PUB_Adequacy3_20260824_v67.xml
2026-08-24,68,PUB_Adequacy3_20260824_v68.xml,2026-08-23 07:51:00,https://reports-public.ieso.ca/public/Adequacy3/PUB_Adequacy3_20260824_v68.xml
2026-08-24,69,PUB_Adequacy3_20260824_v69.xml,2026-08-23 12:51:00,https://reports-public.ieso.ca/public/Adequacy3/PUB_Adequacy3_20260824_v69.xml
2026-08-24,70,PUB_Adequacy3_20260824_v70.xml,2026-08-23 20:21:00,https://reports-public.ieso.ca/public/Adequacy3/PUB_Adequacy3_20260824_v70.xml
2026-08-24,71,PUB_Adequacy3_20260824_v71.xml,2026-08-23 21:22:00,https://reports-public.ieso.ca/public/Adequacy3/PUB_Adequacy3_20260824_v71.xml
2026-08-24,72,PUB_Adequacy3_20260824_v72.xml,2026-08-23 22:22:00,https://reports-public.ieso.ca/public/Adequacy3/PUB_Adequacy3_20260824_v72.xml
2026-08-24,73,PUB_Adequacy3_20260824_v73.xml,2026-08-23 23:21:00,https://reports-public.ieso.ca/public/Adequacy3/PUB_Adequacy3_20260824_v73.xml
2026-08-25,63,PUB_Adequacy3_20260825_v63.xml,2026-08-22 08:59:00,https://reports-public.ieso.ca/public/Adequacy3/PUB_Adequacy3_20260825_v63.xml
2026-08-25,64,PUB_Adequacy3_20260825_v64.xml,2026-08-22 15:29:00,https://reports-public.ieso.ca/public/Adequacy3/PUB_Adequacy3_20260825_v64.xml
2026-08-25,65,PUB_Adequacy3_20260825_v65.xml,2026-08-23 08:59:00,https://reports-public.ieso.ca/public/Adequacy3/PUB_Adequacy3_20260825_v65.xml
2026-08-25,66,PUB_Adequacy3_20260825_v66.xml,2026-08-23 15:29:00,https://reports-public.ieso.ca/public/Adequacy3/PUB_Adequacy3_20260825_v66.xml
2026-08-25,67,PUB_Adequacy3_20260825_v67.xml,2026-08-24 04:21:00,https://reports-public.ieso.ca/public/Adequacy3/PUB_Adequacy3_20260825_v67.xml
2026-08-25,68,PUB_Adequacy3_20260825_v68.xml,2026-08-24 07:51:00,https://reports-public.ieso.ca/public/Adequacy3/PUB_Adequacy3_20260825_v68.xml
2026-08-25,69,PUB_Adequacy3_20260825_v69.xml,2026-08-24 12:51:00,https://reports-public.ieso.ca/public/Adequacy3/PUB_Adequacy3_20260825_v69.xml
2026-08-25,70,PUB_Adequacy3_20260825_v70.xml,2026-08-24 20:23:00,https://reports-public.ieso.ca/public/Adequacy3/PUB_Adequacy3_20260825_v70.xml
2026-08-25,71,PUB_Adequacy3_20260825_v71.xml,2026-08-24 21:23:00,https://reports-public.ieso.ca/public/Adequacy3/PUB_Adequacy3_20260825_v71.xml
2026-08-25,72,PUB_Adequacy3_20260825_v72.xml,2026-08-24 22:23:00,https://reports-public.ieso.ca/public/Adequacy3/PUB_Adequacy3_20260825_v72.xml
2026-08-25,73,PUB_Adequacy3_20260825_v73.xml,2026-08-24 23:23:00,https://reports-public.ieso.ca/public/Adequacy3/PUB_Adequacy3_20260825_v73.xml
2026-08-26,63,PUB_Adequacy3_20260826_v63.xml,2026-08-23 08:59:00,https://reports-public.ieso.ca/public/Adequacy3/PUB_Adequacy3_20260826_v63.xml
2026-08-26,64,PUB_Adequacy3_20260826_v64.xml,2026-08-23 15:30:00,https://reports-public.ieso.ca/public/Adequacy3/PUB_Adequacy3_20260826_v64.xml
2026-08-26,65,PUB_Adequacy3_20260826_v65.xml,2026-08-24 08:59:00,https://reports-public.ieso.ca/public/Adequacy3/PUB_Adequacy3_20260826_v65.xml
2026-08-26,66,PUB_Adequacy3_20260826_v66.xml,2026-08-24 15:29:00,https://reports-public.ieso.ca/public/Adequacy3/PUB_Adequacy3_20260826_v66.xml
2026-08-26,67,PUB_Adequacy3_20260826_v67.xml,2026-08-25 04:23:00,https://reports-public.ieso.ca/public/Adequacy3/PUB_Adequacy3_20260826_v67.xml
2026-08-26,68,PUB_Adequacy3_20260826_v68.xml,2026-08-25 07:53:00,https://reports-public.ieso.ca/public/Adequacy3/PUB_Adequacy3_20260826_v68.xml
2026-08-26,69,PUB_Adequacy3_20260826_v69.xml,2026-08-25 12:53:00,https://reports-public.ieso.ca/public/Adequacy3/PUB_Adequacy3_20260826_v69.xml
2026-08-26,70,PUB_Adequacy3_20260826_v70.xml,2026-08-25 20:23:00,https://reports-public.ieso.ca/public/Adequacy3/PUB_Adequacy3_20260826_v70.xml
2026-08-26,71,PUB_Adequacy3_20260826_v71.xml,2026-08-25 21:23:00,https://reports-public.ieso.ca/public/Adequacy3/PUB_Adequacy3_20260826_v71.xml
2026-08-26,72,PUB_Adequacy3_20260826_v72.xml,2026-08-25 22:23:00,https://reports-public.ieso.ca/public/Adequacy3/PUB_Adequacy3_20260826_v72.xml
2026-08-26,73,PUB_Adequacy3_20260826_v73.xml,2026-08-25 23:23:00,https://reports-public.ieso.ca/public/Adequacy3/PUB_Adequacy3_20260826_v73.xml
2026-08-27,62,PUB_Adequacy3_20260827_v62.xml,2026-08-23 15:31:00,https://reports-public.ieso.ca/public/Adequacy3/PUB_Adequacy3_20260827_v62.xml
2026-08-27,63,PUB_Adequacy3_20260827_v63.xml,2026-08-24 08:59:00,https://reports-public.ieso.ca/public/Adequacy3/PUB_Adequacy3_20260827_v63.xml
2026-08-27,64,PUB_Adequacy3_20260827_v64.xml,2026-08-24 15:30:00,https://reports-public.ieso.ca/public/Adequacy3/PUB_Adequacy3_20260827_v64.xml
2026-08-27,65,PUB_Adequacy3_20260827_v65.xml,2026-08-25 08:58:00,https://reports-public.ieso.ca/public/Adequacy3/PUB_Adequacy3_20260827_v65.xml
2026-08-27,66,PUB_Adequacy3_20260827_v66.xml,2026-08-26 04:22:00,https://reports-public.ieso.ca/public/Adequacy3/PUB_Adequacy3_20260827_v66.xml
2026-08-27,67,PUB_Adequacy3_20260827_v67.xml,2026-08-26 07:52:00,https://reports-public.ieso.ca/public/Adequacy3/PUB_Adequacy3_20260827_v67.xml
2026-08-27,68,PUB_Adequacy3_20260827_v68.xml,2026-08-26 12:52:00,https://reports-public.ieso.ca/public/Adequacy3/PUB_Adequacy3_20260827_v68.xml
2026-08-27,69,PUB_Adequacy3_20260827_v69.xml,2026-08-26 20:23:00,https://reports-public.ieso.ca/public/Adequacy3/PUB_Adequacy3_20260827_v69.xml
2026-08-27,70,PUB_Adequacy3_20260827_v70.xml,2026-08-26 21:23:00,https://reports-public.ieso.ca/public/Adequacy3/PUB_Adequacy3_20260827_v70.xml
2026-08-27,71,PUB_Adequacy3_20260827_v71.xml,2026-08-26 22:23:00,https://reports-public.ieso.ca/public/Adequacy3/PUB_Adequacy3_20260827_v71.xml
2026-08-27,72,PUB_Adequacy3_20260827_v72.xml,2026-08-26 23:23:00,https://reports-public.ieso.ca/public/Adequacy3/PUB_Adequacy3_20260827_v72.xml
